INSERT INTO Person (full_name, number, have_premium, email, rating) VALUES
('Иванов Иван Иванович', '79161234567', TRUE, 'ivanov@mail.ru', 4.8),
('Петров Петр Петрович', '79162345678', FALSE, 'petrov@gmail.com', 4.5),
('Сидорова Анна Михайловна', '79163456789', TRUE, 'sidorova@yandex.ru', 4.9),
('Кузнецов Дмитрий Сергеевич', '79164567890', FALSE, NULL, 4.2),
('Смирнова Елена Владимировна', '79165678901', TRUE, 'smirnova@mail.ru', 4.7),
('Федоров Алексей Николаевич', '79166789012', FALSE, 'fedorov@gmail.com', 4.3),
('Николаева Ольга Дмитриевна', '79167890123', TRUE, 'nikolaeva@yandex.ru', 4.6),
('Волков Сергей Александрович', '79168901234', FALSE, NULL, 4.1),
('Белова Мария Игоревна', '79169012345', TRUE, 'belova@mail.ru', 4.8),
('Козлов Андрей Викторович', '79160123456', FALSE, 'kozlov@gmail.com', 4.4),
('Лебедева Татьяна Олеговна', '79161234560', TRUE, 'lebedeva@yandex.ru', 4.9),
('Соколов Павел Денисович', '79162345671', FALSE, NULL, 4.0),
('Ковалева Юлия Сергеевна', '79163456782', TRUE, 'kovaleva@mail.ru', 4.7),
('Новиков Артем Ильич', '79164567893', FALSE, 'novikov@gmail.com', 4.3),
('Морозова Анастасия Павловна', '79165678904', TRUE, 'morozova@yandex.ru', 4.8),
('Павлов Игорь Владимирович', '79166789015', FALSE, NULL, 4.2),
('Орлова Дарья Андреевна', '79167890126', TRUE, 'orlova@mail.ru', 4.9),
('Семенов Максим Олегович', '79168901237', FALSE, 'semenov@gmail.com', 4.1),
('Васнецова Екатерина Дмитриевна', '79169012348', TRUE, 'vasnecova@yandex.ru', 4.7),
('Григорьев Антон Сергеевич', '79160123459', FALSE, NULL, 4.0),
('Тихонова Виктория Игоревна', '79161234561', TRUE, 'tihonova@mail.ru', 4.8),
('Борисов Денис Александрович', '79162345672', FALSE, 'borisov@gmail.com', 4.2),
('Зайцева Людмила Викторовна', '79163456783', TRUE, 'zaitseva@yandex.ru', 4.9),
('Миронов Станислав Олегович', '79164567894', FALSE, NULL, 4.1),
('Соловьева Арина Максимовна', '79165678905', TRUE, 'soloveva@mail.ru', 4.7),
('Фролов Кирилл Денисович', '79166789016', FALSE, 'frolov@gmail.com', 4.3),
('Громова Наталья Сергеевна', '79167890127', TRUE, 'gromova@yandex.ru', 4.8),
('Данилов Артем Владимирович', '79168901238', FALSE, NULL, 4.0),
('Савельева Ольга Игоревна', '79169012349', TRUE, 'savelieva@mail.ru', 4.9),
('Тарасов Владислав Николаевич', '79160123450', FALSE, 'tarasov@gmail.com', 4.2);

INSERT INTO Driver (car_number, rating, license, full_name, experience_years) VALUES
('А123БВ777', 4.9, '1234567890', 'Смирнов Александр Игоревич', 5),
('В234СД888', 4.8, '2345678901', 'Кузнецов Михаил Сергеевич', 7),
('С345ЕК999', 4.7, '3456789012', 'Попов Денис Владимирович', 3),
('Д456ФЛ000', 4.9, '4567890123', 'Васильев Андрей Николаевич', 6),
('Е567ХМ111', 4.6, '5678901234', 'Павлов Иван Дмитриевич', 4),
('Ф678ЦН222', 4.8, '6789012345', 'Семенов Сергей Олегович', 8),
('Г789ЧП333', 4.5, '7890123456', 'Голубев Артем Викторович', 2),
('Х890ШР444', 4.9, '8901234567', 'Белов Дмитрий Александрович', 9),
('Щ901ЩТ555', 4.7, '9012345678', 'Комаров Алексей Игоревич', 5),
('К012ЫУ666', 4.8, '0123456789', 'Орлов Павел Сергеевич', 7),
('Л123ЮФ777', 4.6, '1122334455', 'Андреев Максим Денисович', 4),
('М234ЯЦ888', 4.9, '2233445566', 'Титов Владимир Олегович', 10),
('Н345АБ999', 4.5, '3344556677', 'Филиппов Илья Николаевич', 3),
('О456ВГ000', 4.7, '4455667788', 'Дмитриев Станислав Викторович', 6),
('П567ДЕ111', 4.8, '5566778899', 'Степанов Роман Андреевич', 5),
('Р678ЁЖ222', 4.6, '6677889900', 'Никитин Артур Сергеевич', 4),
('С789ЗИ333', 4.9, '7788990011', 'Максимов Виталий Дмитриевич', 8),
('Т890ЙК444', 4.5, '8899001122', 'Захаров Геннадий Игоревич', 2),
('У901ЛМ555', 4.7, '9900112233', 'Романов Евгений Олегович', 7),
('Ф012НО666', 4.8, '0011223344', 'Власов Константин Николаевич', 6),
('Ц123ПР777', 4.6, '1122334455', 'Герасимов Антон Викторович', 4),
('Ч234СТ888', 4.9, '2233445566', 'Богданов Денис Сергеевич', 9),
('Ш345УФ999', 4.5, '3344556677', 'Воронов Игорь Дмитриевич', 3),
('Щ456ФХ000', 4.7, '4455667788', 'Алексеев Владислав Андреевич', 5),
('Ы567ЦЧ111', 4.8, '5566778899', 'Зайцев Руслан Олегович', 7),
('Э678ШЩ222', 4.6, '6677889900', 'Сорокин Артем Игоревич', 4),
('Ю789ЪЫ333', 4.9, '7788990011', 'Киселев Дмитрий Сергеевич', 8),
('Я890ЬЭ444', 4.5, '8899001122', 'Михайлов Александр Николаевич', 2),
('А901ЮЯ555', 4.7, '9900112233', 'Трофимов Евгений Викторович', 6),
('Б012АА666', 4.8, '0011223344', 'Гусев Павел Дмитриевич', 5);

INSERT INTO Drive (person_id, driver_id, start_location, final_location, from_pas_to_driver, from_driver_to_pas, comment) VALUES
(1, 1, 'ул. Ленина, 10, Москва', 'пр. Мира, 25, Москва', 5, 4, 'Отличная поездка, вежливый водитель'),
(2, 2, 'ул. Пушкина, 15, Санкт-Петербург', 'ул. Гагарина, 30, Санкт-Петербург', 4, 5, NULL),
(3, 3, 'пр. Кирова, 20, Екатеринбург', 'ул. Советская, 45, Екатеринбург', 5, 5, 'Водитель аккуратно вел машину'),
(4, 4, 'ул. Садовая, 5, Казань', 'пр. Ленина, 12, Казань', 3, 4, 'Немного опаздал'),
(5, 5, 'ул. Лесная, 8, Новосибирск', 'ул. Центральная, 18, Новосибирск', 5, 4, 'Комфортная поездка'),
(6, 6, 'пр. Победы, 33, Самара', 'ул. Молодежная, 22, Самара', 4, 5, NULL),
(7, 7, 'ул. Школьная, 11, Омск', 'пр. Строителей, 9, Омск', 3, 3, 'Машина чистая, но ехал быстро'),
(8, 8, 'ул. Новая, 7, Ростов-на-Дону', 'ул. Зеленая, 14, Ростов-на-Дону', 5, 5, 'Отличный сервис'),
(9, 9, 'пр. Комсомольский, 25, Уфа', 'ул. Рабочая, 30, Уфа', 4, 4, NULL),
(10, 10, 'ул. Речная, 3, Красноярск', 'пр. Солнечный, 16, Красноярск', 5, 5, 'Быстро и комфортно'),
(11, 11, 'ул. Горная, 9, Пермь', 'ул. Парковая, 21, Пермь', 4, 5, 'Вежливый водитель'),
(12, 12, 'пр. Набережный, 40, Воронеж', 'ул. Светлая, 15, Воронеж', 5, 4, NULL),
(13, 13, 'ул. Весенняя, 18, Волгоград', 'пр. Осенний, 22, Волгоград', 3, 4, 'Немного долго ехали'),
(14, 14, 'ул. Северная, 6, Краснодар', 'ул. Южная, 12, Краснодар', 5, 5, 'Отличная музыка в машине'),
(15, 15, 'пр. Западный, 17, Саратов', 'ул. Восточная, 28, Саратов', 4, 4, NULL),
(16, 16, 'ул. Цветочная, 13, Тюмень', 'пр. Фруктовый, 19, Тюмень', 5, 5, 'Очень комфортно'),
(17, 17, 'ул. Полевая, 24, Тольятти', 'ул. Садовая, 7, Тольятти', 4, 5, NULL),
(18, 18, 'пр. Гагарина, 31, Ижевск', 'ул. Ленина, 10, Ижевск', 3, 3, 'Все по расписанию'),
(19, 19, 'ул. Мира, 14, Барнаул', 'пр. Пушкина, 25, Барнаул', 5, 5, 'Отличный водитель'),
(20, 20, 'ул. Советская, 42, Ульяновск', 'ул. Кирова, 18, Ульяновск', 4, 4, NULL),
(21, 21, 'пр. Строителей, 8, Иркутск', 'ул. Новая, 5, Иркутск', 5, 5, 'Быстро добрались'),
(22, 22, 'ул. Зеленая, 12, Хабаровск', 'пр. Комсомольский, 23, Хабаровск', 4, 5, 'Аккуратное вождение'),
(23, 23, 'ул. Рабочая, 28, Ярославль', 'ул. Речная, 2, Ярославль', 3, 4, NULL),
(24, 24, 'пр. Солнечный, 15, Владивосток', 'ул. Горная, 8, Владивосток', 5, 5, 'Отличное обслуживание'),
(25, 25, 'ул. Парковая, 20, Махачкала', 'пр. Набережный, 38, Махачкала', 4, 4, 'Все хорошо'),
(26, 26, 'ул. Светлая, 14, Томск', 'ул. Весенняя, 17, Томск', 5, 5, 'Комфортная машина'),
(27, 27, 'пр. Осенний, 21, Оренбург', 'ул. Северная, 5, Оренбург', 4, 5, NULL),
(28, 28, 'ул. Южная, 11, Кемерово', 'пр. Западный, 16, Кемерово', 3, 3, 'Нормально'),
(29, 29, 'ул. Восточная, 27, Новокузнецк', 'ул. Цветочная, 12, Новокузнецк', 5, 5, 'Отлично'),
(30, 30, 'пр. Фруктовый, 18, Рязань', 'ул. Полевая, 23, Рязань', 4, 4, 'Хорошая поездка');

INSERT INTO Payment (drive_id, fare, tip) VALUES
(1, 350.00, 50.00),
(2, 280.50, 30.00),
(3, 420.00, 80.00),
(4, 190.00, NULL),
(5, 310.00, 40.00),
(6, 270.00, 25.00),
(7, 230.50, NULL),
(8, 380.00, 60.00),
(9, 290.00, 30.00),
(10, 330.00, 50.00),
(11, 210.00, NULL),
(12, 370.00, 45.00),
(13, 180.00, 20.00),
(14, 410.00, 65.00),
(15, 275.00, NULL),
(16, 340.00, 35.00),
(17, 225.00, 25.00),
(18, 390.00, NULL),
(19, 310.00, 30.00),
(20, 325.00, 35.00),
(21, 245.00, NULL),
(22, 360.00, 40.00),
(23, 205.00, 25.00),
(24, 430.00, 70.00),
(25, 265.00, NULL),
(26, 335.00, 35.00),
(27, 238.00, 28.00),
(28, 375.00, NULL),
(29, 305.00, 30.00),
(30, 345.00, 45.00);

INSERT INTO Driver_Rating_History (driver_id, rating, rating_from, date) VALUES
(1, 5, 1, '2023-01-15 10:30:00'),
(2, 4, 2, '2023-01-16 11:45:00'),
(3, 5, 3, '2023-01-17 09:15:00'),
(4, 4, 4, '2023-01-18 14:20:00'),
(5, 3, 5, '2023-01-19 16:30:00'),
(6, 5, 6, '2023-01-20 12:45:00'),
(7, 4, 7, '2023-01-21 08:10:00'),
(8, 5, 8, '2023-01-22 17:25:00'),
(9, 4, 9, '2023-01-23 13:40:00'),
(10, 5, 10, '2023-01-24 10:55:00'),
(11, 3, 11, '2023-01-25 15:05:00'),
(12, 5, 12, '2023-01-26 11:20:00'),
(13, 4, 13, '2023-01-27 09:35:00'),
(14, 5, 14, '2023-01-28 14:50:00'),
(15, 4, 15, '2023-01-29 16:00:00'),
(16, 5, 16, '2023-01-30 12:15:00'),
(17, 4, 17, '2023-01-31 08:30:00'),
(18, 3, 18, '2023-02-01 17:45:00'),
(19, 5, 19, '2023-02-02 13:55:00'),
(20, 4, 20, '2023-02-03 11:10:00'),
(21, 5, 21, '2023-02-04 15:25:00'),
(22, 4, 22, '2023-02-05 09:40:00'),
(23, 3, 23, '2023-02-06 14:50:00'),
(24, 5, 24, '2023-02-07 16:05:00'),
(25, 4, 25, '2023-02-08 12:20:00'),
(26, 5, 26, '2023-02-09 08:35:00'),
(27, 4, 27, '2023-02-10 17:45:00'),
(28, 3, 28, '2023-02-11 13:55:00'),
(29, 5, 29, '2023-02-12 11:10:00'),
(30, 4, 30, '2023-02-13 15:25:00');

INSERT INTO Person_Rating_History (person_id, rating, rating_from, date) VALUES
(1, 5, 1, '2023-01-15 10:35:00'),
(2, 4, 2, '2023-01-16 11:50:00'),
(3, 5, 3, '2023-01-17 09:20:00'),
(4, 4, 4, '2023-01-18 14:25:00'),
(5, 3, 5, '2023-01-19 16:35:00'),
(6, 5, 6, '2023-01-20 12:50:00'),
(7, 4, 7, '2023-01-21 08:15:00'),
(8, 5, 8, '2023-01-22 17:30:00'),
(9, 4, 9, '2023-01-23 13:45:00'),
(10, 5, 10, '2023-01-24 11:00:00'),
(11, 3, 11, '2023-01-25 15:10:00'),
(12, 5, 12, '2023-01-26 11:25:00'),
(13, 4, 13, '2023-01-27 09:40:00'),
(14, 5, 14, '2023-01-28 14:55:00'),
(15, 4, 15, '2023-01-29 16:05:00'),
(16, 5, 16, '2023-01-30 12:20:00'),
(17, 4, 17, '2023-01-31 08:35:00'),
(18, 3, 18, '2023-02-01 17:50:00'),
(19, 5, 19, '2023-02-02 14:00:00'),
(20, 4, 20, '2023-02-03 11:15:00'),
(21, 5, 21, '2023-02-04 15:30:00'),
(22, 4, 22, '2023-02-05 09:45:00'),
(23, 3, 23, '2023-02-06 14:55:00'),
(24, 5, 24, '2023-02-07 16:10:00'),
(25, 4, 25, '2023-02-08 12:25:00'),
(26, 5, 26, '2023-02-09 08:40:00'),
(27, 4, 27, '2023-02-10 17:50:00'),
(28, 3, 28, '2023-02-11 14:00:00'),
(29, 5, 29, '2023-02-12 11:15:00'),
(30, 4, 30, '2023-02-13 15:30:00');